{
  "applicationType": {
    "required":[
      {"when":"country", "in":["Country_COCO0232", "Country_COCO0046", "Country_COCO0211", "Country_COCO0113"]},
      {"when":"region", "in":["CountryGroup_CGCD0016", "CountryGroup_CGCD0009"]}
    ]
  },
  "procedureNumber": {
    "show": {
      "or":[
        { "when": "region", "in": ["CountryGroup_CGCD0001", "CountryGroup_CGCD0016", "CountryGroup_CGCD0009"] },
        { "when": "country", "eq": "Country_COCO0113" }
      ]
    }
  },
  "applicationName": {
    "required":[
      {"when":"country", "in":["Country_COCO0232", "Country_COCO0113", "Country_COCO0133", "Country_COCO0168", "Country_COCO0202", "Country_COCO0211"]},
      {"when":"region", "in":["CountryGroup_CGCD0001", "CountryGroup_CGCD0016", "CountryGroup_CGCD0009"]}
    ]
  },
  "eCTDReceptionNumber": {
    "show": {
      "and": [
        { "when": "country", "eq": "Country_COCO0111" },
        {
          "or": [
            { "when": "formatType", "eq": "Formattype_FORY000009" },
            { "when": "formatType", "eq": "Formattype_FORY000008" }
          ]
        }
      ]
    }
  },
  "applicationNumber": {
    "required":[
      {"when":"country", "in":["Country_COCO0232", "Country_COCO0211", "Country_COCO0202", "Country_COCO0046"]}
    ]
  },
  "eIdentifier": {
    "show": { "when": "country", "eq": "Country_COCO0014" }
  },
  "dossierIdentifier": {
    "show": { "when": "country", "eq": "Country_COCO0040" }
  },
  "applicationId": {
    "show": {
        "or":[
          { "when": "region", "eq": "CountryGroup_CGCD0016" },
          { "when": "country", "eq": "Country_COCO0046" }
        ]
      }
  },
  "eSubIdentifier": {
    "show": { "when": "country", "eq": "Country_COCO0215" }
  },
  "registrationId": {
    "show": { "when": "region", "eq": "CountryGroup_CGCD0016" }
  },
  "rapporteur": {
    "show": {
        "and": [
          { "when": "productPhase", "eq": "ProductPhase_PDPS00001" },
          { "when": "region", "eq": "CountryGroup_CGCD0001" },
          { "when": "producerType", "eq": "ProcedureType_PCT00003" }
        ]
      }
  },
  "co-Rapporteur": {
    "show": {
        "and": [
          { "when": "productPhase", "eq": "ProductPhase_PDPS00001" },
          { "when": "region", "eq": "CountryGroup_CGCD0001" },
          { "when": "producerType", "eq": "ProcedureType_PCT00003" }
        ]
      }
  },
  "reasonForInactive": {
    "show": { "when": "inactiveFlg", "eq": true }
  },
  "subjectToArbitration": {
    "show": {
      "and": [
        { "when": "productPhase", "eq": "ProductPhase_PDPS00001" },
        {
          "or": [
            { "when": "producerType", "eq": "ProcedureType_PCT00003" },
            { "when": "producerType", "eq": "ProcedureType_PCT00005" },
            { "when": "producerType", "eq": "ProcedureType_PCT00004" }
          ]
        }
      ]
    }
  }
}
