{
    "NODE_ENV":"Development",
    "GENERATE_SOURCEMAP":"false",
    "REACT_APP_API_GETWAY":"https://api.devsecops.freyafusion.com",
    "REACT_APP_APPLICATION_API_GATEWAY":"https://applicationsapi.devsecops.freyafusion.com/",
    "REACT_APP_REDIRECT_URL":"https://t1.portal.onerims-dev.freyrapps.com",
    "REACT_APP_DOCCHAT_URL":"https://access.freyrimpact.com",
    "REACT_APP_ISDEV_ENV":"true",
    "REACT_APP_STG_DOMAIN":"devsecops.freyafusion.com",
    "REACT_APP_MUI_LICENSE_KEY":"062f657f556edde694914e88f33116ffTz0xMDE4NzcsRT0xNzYzMjk2MDgyMDAwLFM9cHJlbWl1bSxMTT1zdWJzY3JpcHRpb24sUFY9aW5pdGlhbCxLVj0y"
}